cohort	delta	gene	candidate_id	rank	n_total	percentile	score	is_dev_cohort
GSE322563 HM450	0.1	GATA3	chr10:8087387+:NNNNCGA	28000	2979997	99.06040173865946	0.029842240471419992	False
GSE322563 HM450	0.1	EGFLAM	chr5:38258943+:NNNNCGA	74291	2979997	97.50701091309824	0.009999999486269045	False
GSE322563 HM450	0.1	ESR1	chr6:152011177+:NNNNCGA	3823	2979997	99.87171128024626	0.05	False
GSE322563 HM450	0.2	GATA3	chr10:8087387+:NNNNCGA	24083	2979997	99.19184482400486	0.026211435772910855	False
GSE322563 HM450	0.2	EGFLAM	chr5:38258943+:NNNNCGA	64433	2979997	97.83781661525163	0.009999533884155016	False
GSE322563 HM450	0.2	ESR1	chr6:152011177+:NNNNCGA	2575	2979997	99.91359051703743	0.05	False
GSE322563 HM450	0.3	GATA3	chr10:8087387+:NNNNCGA	22451	2979997	99.24660997980871	0.01180640554523393	False
GSE322563 HM450	0.3	EGFLAM	chr5:38258943+:NNNNCGA	58212	2979997	98.04657521467304	0.009936731838091614	False
GSE322563 HM450	0.3	ESR1	chr6:152011177+:NNNNCGA	1842	2979997	99.93818785723609	0.04999999999999999	False
GSE322563 HM450	0.4	GATA3	chr10:8087387+:NNNNCGA	79658	2979997	97.3269100606477	0.0013818553826385998	False
GSE322563 HM450	0.4	EGFLAM	chr5:38258943+:NNNNCGA	54054	2979997	98.1861055564821	0.008597413694027198	False
GSE322563 HM450	0.4	ESR1	chr6:152011177+:NNNNCGA	1582	2979997	99.94691269823426	0.04999999999937552	False
GSE322563 HM450	0.5	GATA3	chr10:8087387+:NNNNCGA	84293	2979997	97.1713729913151	2.917410343423632e-05	False
GSE322563 HM450	0.5	EGFLAM	chr5:38258943+:NNNNCGA	52492	2979997	98.2385217166326	0.0036879161879643718	False
GSE322563 HM450	0.5	ESR1	chr6:152011177+:NNNNCGA	1358	2979997	99.95442948432498	0.04999999638441563	False
GSE322563 native v2	0.1	GATA3	chr10:8087387+:NNNNCGA	56549	5224082	98.91753230519735	0.029842240471419992	False
GSE322563 native v2	0.1	EGFLAM	chr5:38258943+:NNNNCGA	174230	5224082	96.66486858360952	0.009999999486269045	False
GSE322563 native v2	0.1	ESR1	chr6:152011177+:NNNNCGA	8806	5224082	99.83143449892249	0.05	False
GSE322563 native v2	0.2	GATA3	chr10:8087387+:NNNNCGA	50096	5224082	99.04105639995697	0.026211435772910855	False
GSE322563 native v2	0.2	EGFLAM	chr5:38258943+:NNNNCGA	158502	5224082	96.96593583331962	0.009999533884155016	False
GSE322563 native v2	0.2	ESR1	chr6:152011177+:NNNNCGA	5746	5224082	99.89000938346679	0.05	False
GSE322563 native v2	0.3	GATA3	chr10:8087387+:NNNNCGA	47552	5224082	99.08975395102911	0.01180640554523393	False
GSE322563 native v2	0.3	EGFLAM	chr5:38258943+:NNNNCGA	149599	5224082	97.13635811995293	0.009936731838091614	False
GSE322563 native v2	0.3	ESR1	chr6:152011177+:NNNNCGA	3663	5224082	99.92988241761903	0.04999999999999999	False
GSE322563 native v2	0.4	GATA3	chr10:8087387+:NNNNCGA	206726	5224082	96.04282628029193	0.0013818553826385998	False
GSE322563 native v2	0.4	EGFLAM	chr5:38258943+:NNNNCGA	142938	5224082	97.26386377549204	0.008597413694027198	False
GSE322563 native v2	0.4	ESR1	chr6:152011177+:NNNNCGA	3086	5224082	99.94092742035826	0.04999999999937552	False
GSE322563 native v2	0.5	GATA3	chr10:8087387+:NNNNCGA	218606	5224082	95.81541790500225	2.917410343423632e-05	False
GSE322563 native v2	0.5	EGFLAM	chr5:38258943+:NNNNCGA	140846	5224082	97.30390908871644	0.0036879161879643718	False
GSE322563 native v2	0.5	ESR1	chr6:152011177+:NNNNCGA	2615	5224082	99.94994335846948	0.04999999638441563	False
GSE77348 (dev)	0.1	GATA3	chr10:8087387+:NNNNCGA	34159	2979997	98.8537236782453	0.04499999999957442	True
GSE77348 (dev)	0.1	EGFLAM	chr5:38258943+:NNNNCGA	144911	2979997	95.13720986967436	0.014991810516731234	True
GSE77348 (dev)	0.1	ESR1	chr6:152011177+:NNNNCGA	5769	2979997	99.80640920108308	0.07500000000000001	True
GSE77348 (dev)	0.2	GATA3	chr10:8087387+:NNNNCGA	28325	2979997	99.04949568741176	0.04499999739371423	True
GSE77348 (dev)	0.2	EGFLAM	chr5:38258943+:NNNNCGA	124925	2979997	95.80788168578694	0.014519255080311665	True
GSE77348 (dev)	0.2	ESR1	chr6:152011177+:NNNNCGA	3965	2979997	99.86694617477802	0.07500000000000001	True
GSE77348 (dev)	0.3	GATA3	chr10:8087387+:NNNNCGA	24009	2979997	99.19432804798126	0.04499770453893087	True
GSE77348 (dev)	0.3	EGFLAM	chr5:38258943+:NNNNCGA	121057	2979997	95.93768047417497	0.010035659667012671	True
GSE77348 (dev)	0.3	ESR1	chr6:152011177+:NNNNCGA	3011	2979997	99.89895962982513	0.07499999999999943	True
GSE77348 (dev)	0.4	GATA3	chr10:8087387+:NNNNCGA	19715	2979997	99.33842215277397	0.04469728667673039	True
GSE77348 (dev)	0.4	EGFLAM	chr5:38258943+:NNNNCGA	120128	2979997	95.96885500220303	0.0024644961507954825	True
GSE77348 (dev)	0.4	ESR1	chr6:152011177+:NNNNCGA	2632	2979997	99.911677763434	0.07499999998636328	True
GSE77348 (dev)	0.5	GATA3	chr10:8087387+:NNNNCGA	16299	2979997	99.45305314065752	0.038466656509680563	True
GSE77348 (dev)	0.5	EGFLAM	chr5:38258943+:NNNNCGA	121851	2979997	95.91103615204982	0.0001259668838120609	True
GSE77348 (dev)	0.5	ESR1	chr6:152011177+:NNNNCGA	2325	2979997	99.92197978722798	0.07499995477970597	True
GSE69914	0.1	GATA3	chr10:8087387+:NNNNCGA	188738	2979997	93.6665036911111	0.04021417529236228	False
GSE69914	0.1	EGFLAM	chr5:38258943+:NNNNCGA	1014637	2979997	65.95174424672238	0.003537118296586235	False
GSE69914	0.1	ESR1	chr6:152011177+:NNNNCGA	345460	2979997	88.40737087990357	0.022995907043094406	False
GSE69914	0.2	GATA3	chr10:8087387+:NNNNCGA	558887	2979997	81.24538380407765	0.0013049552376852088	False
GSE69914	0.2	EGFLAM	chr5:38258943+:NNNNCGA	1385784	2979997	53.49713439308832	5.071420900646357e-05	False
GSE69914	0.2	ESR1	chr6:152011177+:NNNNCGA	87355	2979997	97.06862121002135	0.014046611962113452	False
GSE69914	0.3	GATA3	chr10:8087387+:NNNNCGA	933306	2979997	68.68097518218978	6.760753948544068e-06	False
GSE69914	0.3	EGFLAM	chr5:38258943+:NNNNCGA	1616686	2979997	45.74873733094363	1.1136189754014585e-07	False
GSE69914	0.3	ESR1	chr6:152011177+:NNNNCGA	67543	2979997	97.73345409408131	0.007016997254199064	False
GSE69914	0.4	GATA3	chr10:8087387+:NNNNCGA	1136257	2979997	61.87053208442828	5.188591450670106e-09	False
GSE69914	0.4	EGFLAM	chr5:38258943+:NNNNCGA	1763104	2979997	40.83537667990941	3.5549882241651496e-11	False
GSE69914	0.4	ESR1	chr6:152011177+:NNNNCGA	65817	2979997	97.7913736154768	0.0028079686827685393	False
GSE69914	0.5	GATA3	chr10:8087387+:NNNNCGA	1258565	2979997	57.76623265056978	5.696443310666043e-13	False
GSE69914	0.5	EGFLAM	chr5:38258943+:NNNNCGA	1864369	2979997	37.43721889652909	1.6070035274815083e-15	False
GSE69914	0.5	ESR1	chr6:152011177+:NNNNCGA	71386	2979997	97.60449423271231	0.0008870842085609081	False
