cohort	axis	gene	candidate_id	rank	n_total	percentile	score	beta_tumor	beta_normal	delta_beta
GSE322563 HM450	V1 final_score	GATA3	chr10:8087387+:NNNNCGA	755885	2979997	74.6347	-0.0616536	0.0247	0.3056	0.2809
GSE322563 HM450	V1 final_score	EGFLAM	chr5:38258943+:NNNNCGA	839106	2979997	71.8421	-0.185467	0.0146	0.4909	0.4763
GSE322563 HM450	V1 final_score	ESR1	chr6:152011177+:NNNNCGA	844	2979997	99.9717	0.937266	0.0699	0.9418	0.8719
GSE322563 HM450	V2 tumor_only	GATA3	chr10:8087387+:NNNNCGA	153296	2979997	94.8558	0.03	0.0247	0.3056	0.2809
GSE322563 HM450	V2 tumor_only	EGFLAM	chr5:38258943+:NNNNCGA	419085	2979997	85.9367	0.01	0.0146	0.4909	0.4763
GSE322563 HM450	V2 tumor_only	ESR1	chr6:152011177+:NNNNCGA	92542	2979997	96.8946	0.05	0.0699	0.9418	0.8719
GSE322563 HM450	V2.5 diff	GATA3	chr10:8087387+:NNNNCGA	24083	2979997	99.1918	0.0262114	0.0247	0.3056	0.2809
GSE322563 HM450	V2.5 diff	EGFLAM	chr5:38258943+:NNNNCGA	64433	2979997	97.8378	0.00999953	0.0146	0.4909	0.4763
GSE322563 HM450	V2.5 diff	ESR1	chr6:152011177+:NNNNCGA	2575	2979997	99.9136	0.05	0.0699	0.9418	0.8719
GSE322563 HM450	Δβ-only	GATA3	chr10:8087387+:NNNNCGA	159932	2979997	94.6331	0.280902	0.0247	0.3056	0.2809
GSE322563 HM450	Δβ-only	EGFLAM	chr5:38258943+:NNNNCGA	67620	2979997	97.7309	0.476308	0.0146	0.4909	0.4763
GSE322563 HM450	Δβ-only	ESR1	chr6:152011177+:NNNNCGA	4742	2979997	99.8409	0.871887	0.0699	0.9418	0.8719
GSE322563 native v2	V1 final_score	GATA3	chr10:8087387+:NNNNCGA	419012	5224082	91.9792	-0.0616536	0.0247	0.3056	0.2809
GSE322563 native v2	V1 final_score	EGFLAM	chr5:38258943+:NNNNCGA	621845	5224082	88.0966	-0.185467	0.0146	0.4909	0.4763
GSE322563 native v2	V1 final_score	ESR1	chr6:152011177+:NNNNCGA	1700	5224082	99.9675	0.937266	0.0699	0.9418	0.8719
GSE322563 native v2	V2 tumor_only	GATA3	chr10:8087387+:NNNNCGA	222940	5224082	95.7325	0.03	0.0247	0.3056	0.2809
GSE322563 native v2	V2 tumor_only	EGFLAM	chr5:38258943+:NNNNCGA	675891	5224082	87.0620	0.01	0.0146	0.4909	0.4763
GSE322563 native v2	V2 tumor_only	ESR1	chr6:152011177+:NNNNCGA	135042	5224082	97.4150	0.05	0.0699	0.9418	0.8719
GSE322563 native v2	V2.5 diff	GATA3	chr10:8087387+:NNNNCGA	50096	5224082	99.0411	0.0262114	0.0247	0.3056	0.2809
GSE322563 native v2	V2.5 diff	EGFLAM	chr5:38258943+:NNNNCGA	158502	5224082	96.9659	0.00999953	0.0146	0.4909	0.4763
GSE322563 native v2	V2.5 diff	ESR1	chr6:152011177+:NNNNCGA	5746	5224082	99.8900	0.05	0.0699	0.9418	0.8719
GSE322563 native v2	Δβ-only	GATA3	chr10:8087387+:NNNNCGA	422569	5224082	91.9111	0.280902	0.0247	0.3056	0.2809
GSE322563 native v2	Δβ-only	EGFLAM	chr5:38258943+:NNNNCGA	185641	5224082	96.4464	0.476308	0.0146	0.4909	0.4763
GSE322563 native v2	Δβ-only	ESR1	chr6:152011177+:NNNNCGA	9085	5224082	99.8261	0.871887	0.0699	0.9418	0.8719
GSE77348	V1 final_score	GATA3	chr10:8087387+:NNNNCGA	31061	2979997	98.9577	0.186733	0.0148	0.5895	0.5748
GSE77348	V1 final_score	EGFLAM	chr5:38258943+:NNNNCGA	257041	2979997	91.3745	-0.205471	0.0053	0.3362	0.3309
GSE77348	V1 final_score	ESR1	chr6:152011177+:NNNNCGA	1618	2979997	99.9457	0.896243	0.0290	0.8722	0.8433
GSE77348	V2 tumor_only	GATA3	chr10:8087387+:NNNNCGA	191341	2979997	93.5792	0.045	0.0148	0.5895	0.5748
GSE77348	V2 tumor_only	EGFLAM	chr5:38258943+:NNNNCGA	511855	2979997	82.8236	0.015	0.0053	0.3362	0.3309
GSE77348	V2 tumor_only	ESR1	chr6:152011177+:NNNNCGA	110245	2979997	96.3005	0.075	0.0290	0.8722	0.8433
GSE77348	V2.5 diff	GATA3	chr10:8087387+:NNNNCGA	28325	2979997	99.0495	0.045	0.0148	0.5895	0.5748
GSE77348	V2.5 diff	EGFLAM	chr5:38258943+:NNNNCGA	124925	2979997	95.8079	0.0145193	0.0053	0.3362	0.3309
GSE77348	V2.5 diff	ESR1	chr6:152011177+:NNNNCGA	3965	2979997	99.8669	0.075	0.0290	0.8722	0.8433
GSE77348	Δβ-only	GATA3	chr10:8087387+:NNNNCGA	61254	2979997	97.9445	0.574763	0.0148	0.5895	0.5748
GSE77348	Δβ-only	EGFLAM	chr5:38258943+:NNNNCGA	178663	2979997	94.0046	0.33092	0.0053	0.3362	0.3309
GSE77348	Δβ-only	ESR1	chr6:152011177+:NNNNCGA	8733	2979997	99.7069	0.843277	0.0290	0.8722	0.8433
GSE69914	V1 final_score	GATA3	chr10:8087387+:NNNNCGA	879114	2979997	70.4995	0.0019668	0.0723	0.0772	0.0049
GSE69914	V1 final_score	EGFLAM	chr5:38258943+:NNNNCGA	2222497	2979997	25.4195	0	0.0718	0.0315	-0.0403
GSE69914	V1 final_score	ESR1	chr6:152011177+:NNNNCGA	22976	2979997	99.2290	0.0777301	0.5878	0.6988	0.1110
GSE69914	V2 tumor_only	GATA3	chr10:8087387+:NNNNCGA	246623	2979997	91.7241	0.45	0.0723	0.0772	0.0049
GSE69914	V2 tumor_only	EGFLAM	chr5:38258943+:NNNNCGA	625280	2979997	79.0174	0.149996	0.0718	0.0315	-0.0403
GSE69914	V2 tumor_only	ESR1	chr6:152011177+:NNNNCGA	890752	2979997	70.1090	0.0439519	0.5878	0.6988	0.1110
GSE69914	V2.5 diff	GATA3	chr10:8087387+:NNNNCGA	558887	2979997	81.2454	0.00130496	0.0723	0.0772	0.0049
GSE69914	V2.5 diff	EGFLAM	chr5:38258943+:NNNNCGA	1385784	2979997	53.4971	5.07142e-05	0.0718	0.0315	-0.0403
GSE69914	V2.5 diff	ESR1	chr6:152011177+:NNNNCGA	87355	2979997	97.0686	0.0140466	0.5878	0.6988	0.1110
GSE69914	Δβ-only	GATA3	chr10:8087387+:NNNNCGA	1133854	2979997	61.9512	0.004917	0.0723	0.0772	0.0049
GSE69914	Δβ-only	EGFLAM	chr5:38258943+:NNNNCGA	2341782	2979997	21.4166	-0.040349	0.0718	0.0315	-0.0403
GSE69914	Δβ-only	ESR1	chr6:152011177+:NNNNCGA	177926	2979997	94.0293	0.111043	0.5878	0.6988	0.1110
